{"v":"5.6.6","fr":60,"ip":0,"op":120,"w":300,"h":300,"nm":"Black - Fizz","ddd":0,"assets":[{"id":"comp_0","layers":[{"ddd":0,"ind":1,"ty":4,"nm":"Кривые Group 326","sr":1,"ks":{"o":{"a":0,"k":100,"ix":11},"r":{"a":0,"k":0,"ix":10},"p":{"a":0,"k":[400,300,0],"ix":2},"a":{"a":0,"k":[10.5,9.5,0],"ix":1},"s":{"a":1,"k":[{"i":{"x":[0.833,0.833,0.833],"y":[0.833,0.833,0.833]},"o":{"x":[0.167,0.167,0.167],"y":[0.167,0.167,0.167]},"t":6.006,"s":[0,0,100]},{"i":{"x":[0.667,0.667,0.667],"y":[1,1,1]},"o":{"x":[0.167,0.167,0.167],"y":[0.167,0.167,111.11]},"t":14.014,"s":[100,100,100]},{"i":{"x":[0.454,0.454,0.667],"y":[1,1,1]},"o":{"x":[0.333,0.333,0.333],"y":[0,0,0]},"t":24.024,"s":[766.658,766.658,100]},{"t":32.032032032032,"s":[599.994,599.994,100]}],"ix":6}},"ao":0,"shapes":[{"ty":"gr","it":[{"ind":0,"ty":"sh","ix":1,"ks":{"a":0,"k":{"i":[[-2.268,-2.309],[-2.371,-1.993],[2.195,-2.243],[0,0],[0.587,0],[0.41,0.419],[0,0],[-3.084,2.596]],"o":[[2.269,-2.309],[3.088,2.6],[0,0],[-0.41,0.417],[-0.583,0],[0,0],[-2.199,-2.244],[2.371,-1.998]],"v":[[0,-7.249],[8.302,-7.864],[8.736,1.212],[1.542,8.543],[0,9.19],[-1.542,8.538],[-8.736,1.209],[-8.302,-7.864]],"c":true},"ix":2},"nm":"Контур 1","mn":"ADBE Vector Shape - Group","hd":false},{"ty":"fl","c":{"a":0,"k":[0.941000007181,0.090000002992,0.086000001197,1],"ix":4},"o":{"a":0,"k":100,"ix":5},"r":1,"bm":0,"nm":"Заливка 1","mn":"ADBE Vector Graphic - Fill","hd":false},{"ty":"tr","p":{"a":0,"k":[10.5,9.19],"ix":2},"a":{"a":0,"k":[0,0],"ix":1},"s":{"a":0,"k":[100,100],"ix":3},"r":{"a":0,"k":0,"ix":6},"o":{"a":0,"k":100,"ix":7},"sk":{"a":0,"k":0,"ix":4},"sa":{"a":0,"k":0,"ix":5},"nm":"Преобразовать"}],"nm":"Группа 1","np":4,"cix":2,"bm":0,"ix":1,"mn":"ADBE Vector Group","hd":false}],"ip":0,"op":120.12012012012,"st":-106.106106106106,"bm":0},{"ddd":0,"ind":2,"ty":4,"nm":"Кривые heart","sr":1,"ks":{"o":{"a":0,"k":100,"ix":11},"r":{"a":0,"k":0,"ix":10},"p":{"a":0,"k":[400.5,301.5,0],"ix":2},"a":{"a":0,"k":[10.5,9.5,0],"ix":1},"s":{"a":0,"k":[595.232,595.232,100],"ix":6}},"ao":0,"shapes":[{"ty":"gr","it":[{"ind":0,"ty":"sh","ix":1,"ks":{"a":0,"k":{"i":[[1.484,-1.514],[0,0],[0.098,0.098],[0,0],[-2.1,1.768],[-1.542,-1.571],[0,0],[0,0],[-1.587,-1.337]],"o":[[0,0],[-0.099,0.098],[0,0],[-1.498,-1.526],[1.596,-1.341],[0,0],[0,0],[1.55,-1.58],[2.096,1.768]],"v":[[7.334,-0.174],[0.14,7.156],[-0.139,7.156],[-7.333,-0.174],[-7.034,-6.355],[-1.436,-5.924],[0,-4.46],[1.436,-5.924],[7.034,-6.359]],"c":true},"ix":2},"nm":"Контур 1","mn":"ADBE Vector Shape - Group","hd":false},{"ind":1,"ty":"sh","ix":2,"ks":{"a":0,"k":{"i":[[3.088,2.6],[2.269,-2.309],[2.371,-1.998],[-2.199,-2.243],[0,0],[-0.583,0],[-0.41,0.418],[0,0]],"o":[[-2.371,-1.994],[-2.268,-2.309],[-3.084,2.596],[0,0],[0.41,0.419],[0.587,0],[0,0],[2.195,-2.243]],"v":[[8.302,-7.864],[0,-7.249],[-8.302,-7.864],[-8.736,1.208],[-1.542,8.537],[0,9.19],[1.542,8.542],[8.736,1.212]],"c":true},"ix":2},"nm":"Контур 2","mn":"ADBE Vector Shape - Group","hd":false},{"ty":"mm","mm":1,"nm":"Объединить контуры 1","mn":"ADBE Vector Filter - Merge","hd":false},{"ty":"fl","c":{"a":1,"k":[{"i":{"x":[0.833],"y":[0.833]},"o":{"x":[0.167],"y":[0.167]},"t":22.022,"s":[0.713999968884,0.713999968884,0.713999968884,1]},{"t":24.024024024024,"s":[0.941176474094,0.090196080506,0.086274512112,1]}],"ix":4},"o":{"a":0,"k":100,"ix":5},"r":1,"bm":0,"nm":"Заливка 1","mn":"ADBE Vector Graphic - Fill","hd":false},{"ty":"tr","p":{"a":0,"k":[10.5,9.19],"ix":2},"a":{"a":0,"k":[0,0],"ix":1},"s":{"a":0,"k":[100,100],"ix":3},"r":{"a":0,"k":0,"ix":6},"o":{"a":0,"k":100,"ix":7},"sk":{"a":0,"k":0,"ix":4},"sa":{"a":0,"k":0,"ix":5},"nm":"Преобразовать"}],"nm":"Группа 1","np":6,"cix":2,"bm":0,"ix":1,"mn":"ADBE Vector Group","hd":false}],"ip":0,"op":120.12012012012,"st":-106.106106106106,"bm":0},{"ddd":0,"ind":5,"ty":4,"nm":"Heart Small 1","sr":1,"ks":{"o":{"a":1,"k":[{"i":{"x":[0.833],"y":[0.833]},"o":{"x":[0.167],"y":[0.167]},"t":12.012,"s":[0]},{"t":18.018018018018,"s":[25]}],"ix":11},"r":{"a":0,"k":0,"ix":10},"p":{"a":1,"k":[{"i":{"x":0.667,"y":1},"o":{"x":0.167,"y":0.167},"t":14.014,"s":[398.542,295.729,0],"to":[-6.667,21.333,0],"ti":[24.157,-2.797,0]},{"i":{"x":0.667,"y":1},"o":{"x":0.333,"y":0},"t":44.044,"s":[358.542,423.729,0],"to":[-15.833,1.833,0],"ti":[-2,62,0]},{"t":94.0940940940941,"s":[320.542,326.729,0]}],"ix":2},"a":{"a":0,"k":[0,0,0],"ix":1},"s":{"a":1,"k":[{"i":{"x":[0.667,0.667,0.667],"y":[1,1,1]},"o":{"x":[0.167,0.167,0.167],"y":[0.167,0.167,0]},"t":14.014,"s":[100,100,100]},{"i":{"x":[0.667,0.667,0.667],"y":[1,1,1]},"o":{"x":[0.333,0.333,0.333],"y":[0,0,0]},"t":44.044,"s":[125,125,100]},{"t":94.0940940940941,"s":[0,0,100]}],"ix":6}},"ao":0,"shapes":[{"ty":"gr","it":[{"ind":0,"ty":"sh","ix":1,"ks":{"a":0,"k":{"i":[[3.724,0],[1.199,-1.096],[1.752,0],[0,-3.724],[-1.411,-1.686],[0,0],[-1.38,1.752],[0,2.158]],"o":[[-1.752,0],[-1.199,-1.096],[-3.724,0],[0,2.145],[1.411,1.686],[0,0],[1.327,-1.685],[0,-3.724]],"v":[[4.547,-10.022],[0,-8.257],[-4.547,-10.022],[-11.289,-3.28],[-9.132,2.328],[-0.004,10.022],[9.14,2.288],[11.289,-3.28]],"c":true},"ix":2},"nm":"Path 1","mn":"ADBE Vector Shape - Group","hd":false},{"ty":"fl","c":{"a":0,"k":[1,0,0,1],"ix":4},"o":{"a":0,"k":100,"ix":5},"r":1,"bm":0,"nm":"Fill 1","mn":"ADBE Vector Graphic - Fill","hd":false},{"ty":"tr","p":{"a":0,"k":[0,0],"ix":2},"a":{"a":0,"k":[0,0],"ix":1},"s":{"a":0,"k":[100,100],"ix":3},"r":{"a":0,"k":0,"ix":6},"o":{"a":0,"k":100,"ix":7},"sk":{"a":0,"k":0,"ix":4},"sa":{"a":0,"k":0,"ix":5},"nm":"Преобразовать"}],"nm":"Shape 1","np":3,"cix":2,"bm":0,"ix":1,"mn":"ADBE Vector Group","hd":false}],"ip":0,"op":120.12012012012,"st":-106.106106106106,"bm":0},{"ddd":0,"ind":6,"ty":4,"nm":"Heart Small 2","sr":1,"ks":{"o":{"a":1,"k":[{"i":{"x":[0.833],"y":[0.833]},"o":{"x":[0.167],"y":[0.167]},"t":12.012,"s":[0]},{"t":18.018018018018,"s":[25]}],"ix":11},"r":{"a":0,"k":0,"ix":10},"p":{"a":1,"k":[{"i":{"x":0.667,"y":1},"o":{"x":0.167,"y":0.167},"t":14.014,"s":[398.542,295.729,0],"to":[-4.667,-14.167,0],"ti":[6.872,23.327,0]},{"i":{"x":0.667,"y":1},"o":{"x":0.333,"y":0},"t":44.044,"s":[370.542,210.729,0],"to":[-11.833,-40.167,0],"ti":[-22,49,0]},{"t":114.114114114114,"s":[387.542,71.729,0]}],"ix":2},"a":{"a":0,"k":[0,0,0],"ix":1},"s":{"a":1,"k":[{"i":{"x":[0.667,0.667,0.667],"y":[1,1,1]},"o":{"x":[0.167,0.167,0.167],"y":[0.167,0.167,0]},"t":14.014,"s":[100,100,100]},{"i":{"x":[0.667,0.667,0.667],"y":[1,1,1]},"o":{"x":[0.333,0.333,0.333],"y":[0,0,0]},"t":44.044,"s":[125,125,100]},{"t":98.0980980980981,"s":[0,0,100]}],"ix":6}},"ao":0,"shapes":[{"ty":"gr","it":[{"ind":0,"ty":"sh","ix":1,"ks":{"a":0,"k":{"i":[[3.724,0],[1.199,-1.096],[1.752,0],[0,-3.724],[-1.411,-1.686],[0,0],[-1.38,1.752],[0,2.158]],"o":[[-1.752,0],[-1.199,-1.096],[-3.724,0],[0,2.145],[1.411,1.686],[0,0],[1.327,-1.685],[0,-3.724]],"v":[[4.547,-10.022],[0,-8.257],[-4.547,-10.022],[-11.289,-3.28],[-9.132,2.328],[-0.004,10.022],[9.14,2.288],[11.289,-3.28]],"c":true},"ix":2},"nm":"Path 1","mn":"ADBE Vector Shape - Group","hd":false},{"ty":"fl","c":{"a":0,"k":[1,0,0,1],"ix":4},"o":{"a":0,"k":100,"ix":5},"r":1,"bm":0,"nm":"Fill 1","mn":"ADBE Vector Graphic - Fill","hd":false},{"ty":"tr","p":{"a":0,"k":[0,0],"ix":2},"a":{"a":0,"k":[0,0],"ix":1},"s":{"a":0,"k":[100,100],"ix":3},"r":{"a":0,"k":0,"ix":6},"o":{"a":0,"k":100,"ix":7},"sk":{"a":0,"k":0,"ix":4},"sa":{"a":0,"k":0,"ix":5},"nm":"Преобразовать"}],"nm":"Shape 1","np":3,"cix":2,"bm":0,"ix":1,"mn":"ADBE Vector Group","hd":false}],"ip":0,"op":120.12012012012,"st":-106.106106106106,"bm":0},{"ddd":0,"ind":7,"ty":4,"nm":"Heart Small 3","sr":1,"ks":{"o":{"a":1,"k":[{"i":{"x":[0.833],"y":[0.833]},"o":{"x":[0.167],"y":[0.167]},"t":12.012,"s":[0]},{"t":18.018018018018,"s":[25]}],"ix":11},"r":{"a":0,"k":0,"ix":10},"p":{"a":1,"k":[{"i":{"x":0.667,"y":1},"o":{"x":0.167,"y":0.167},"t":14.014,"s":[398.542,295.729,0],"to":[8.167,18.833,0],"ti":[-45.591,-23.561,0]},{"i":{"x":0.667,"y":1},"o":{"x":0.333,"y":0},"t":44.044,"s":[447.542,408.729,0],"to":[31.072,16.058,0],"ti":[-2,79,0]},{"t":114.114114114114,"s":[536.542,311.729,0]}],"ix":2},"a":{"a":0,"k":[0,0,0],"ix":1},"s":{"a":1,"k":[{"i":{"x":[0.667,0.667,0.667],"y":[1,1,1]},"o":{"x":[0.167,0.167,0.167],"y":[0.167,0.167,0]},"t":14.014,"s":[100,100,100]},{"i":{"x":[0.667,0.667,0.667],"y":[1,1,1]},"o":{"x":[0.333,0.333,0.333],"y":[0,0,0]},"t":44.044,"s":[125,125,100]},{"t":114.114114114114,"s":[0,0,100]}],"ix":6}},"ao":0,"shapes":[{"ty":"gr","it":[{"ind":0,"ty":"sh","ix":1,"ks":{"a":0,"k":{"i":[[3.724,0],[1.199,-1.096],[1.752,0],[0,-3.724],[-1.411,-1.686],[0,0],[-1.38,1.752],[0,2.158]],"o":[[-1.752,0],[-1.199,-1.096],[-3.724,0],[0,2.145],[1.411,1.686],[0,0],[1.327,-1.685],[0,-3.724]],"v":[[4.547,-10.022],[0,-8.257],[-4.547,-10.022],[-11.289,-3.28],[-9.132,2.328],[-0.004,10.022],[9.14,2.288],[11.289,-3.28]],"c":true},"ix":2},"nm":"Path 1","mn":"ADBE Vector Shape - Group","hd":false},{"ty":"fl","c":{"a":0,"k":[1,0,0,1],"ix":4},"o":{"a":0,"k":100,"ix":5},"r":1,"bm":0,"nm":"Fill 1","mn":"ADBE Vector Graphic - Fill","hd":false},{"ty":"tr","p":{"a":0,"k":[0,0],"ix":2},"a":{"a":0,"k":[0,0],"ix":1},"s":{"a":0,"k":[100,100],"ix":3},"r":{"a":0,"k":0,"ix":6},"o":{"a":0,"k":100,"ix":7},"sk":{"a":0,"k":0,"ix":4},"sa":{"a":0,"k":0,"ix":5},"nm":"Преобразовать"}],"nm":"Shape 1","np":3,"cix":2,"bm":0,"ix":1,"mn":"ADBE Vector Group","hd":false}],"ip":0,"op":120.12012012012,"st":-106.106106106106,"bm":0},{"ddd":0,"ind":8,"ty":4,"nm":"Heart Small 4","sr":1,"ks":{"o":{"a":1,"k":[{"i":{"x":[0.833],"y":[0.833]},"o":{"x":[0.167],"y":[0.167]},"t":12.012,"s":[0]},{"t":18.018018018018,"s":[25]}],"ix":11},"r":{"a":0,"k":0,"ix":10},"p":{"a":1,"k":[{"i":{"x":0.667,"y":1},"o":{"x":0.167,"y":0.167},"t":14.014,"s":[398.542,295.729,0],"to":[-15.167,-2,0],"ti":[18.187,16.144,0]},{"i":{"x":0.667,"y":1},"o":{"x":0.333,"y":0},"t":44.044,"s":[307.542,283.729,0],"to":[-14.833,-13.167,0],"ti":[-43,86,0]},{"t":94.0940940940941,"s":[304.542,130.729,0]}],"ix":2},"a":{"a":0,"k":[0,0,0],"ix":1},"s":{"a":1,"k":[{"i":{"x":[0.667,0.667,0.667],"y":[1,1,1]},"o":{"x":[0.167,0.167,0.167],"y":[0.167,0.167,0]},"t":14.014,"s":[100,100,100]},{"i":{"x":[0.667,0.667,0.667],"y":[1,1,1]},"o":{"x":[0.333,0.333,0.333],"y":[0,0,0]},"t":44.044,"s":[125,125,100]},{"t":94.0940940940941,"s":[0,0,100]}],"ix":6}},"ao":0,"shapes":[{"ty":"gr","it":[{"ind":0,"ty":"sh","ix":1,"ks":{"a":0,"k":{"i":[[3.724,0],[1.199,-1.096],[1.752,0],[0,-3.724],[-1.411,-1.686],[0,0],[-1.38,1.752],[0,2.158]],"o":[[-1.752,0],[-1.199,-1.096],[-3.724,0],[0,2.145],[1.411,1.686],[0,0],[1.327,-1.685],[0,-3.724]],"v":[[4.547,-10.022],[0,-8.257],[-4.547,-10.022],[-11.289,-3.28],[-9.132,2.328],[-0.004,10.022],[9.14,2.288],[11.289,-3.28]],"c":true},"ix":2},"nm":"Path 1","mn":"ADBE Vector Shape - Group","hd":false},{"ty":"fl","c":{"a":0,"k":[1,0,0,1],"ix":4},"o":{"a":0,"k":100,"ix":5},"r":1,"bm":0,"nm":"Fill 1","mn":"ADBE Vector Graphic - Fill","hd":false},{"ty":"tr","p":{"a":0,"k":[0,0],"ix":2},"a":{"a":0,"k":[0,0],"ix":1},"s":{"a":0,"k":[100,100],"ix":3},"r":{"a":0,"k":0,"ix":6},"o":{"a":0,"k":100,"ix":7},"sk":{"a":0,"k":0,"ix":4},"sa":{"a":0,"k":0,"ix":5},"nm":"Преобразовать"}],"nm":"Shape 1","np":3,"cix":2,"bm":0,"ix":1,"mn":"ADBE Vector Group","hd":false}],"ip":0,"op":120.12012012012,"st":-106.106106106106,"bm":0},{"ddd":0,"ind":9,"ty":4,"nm":"Heart Small 5","sr":1,"ks":{"o":{"a":1,"k":[{"i":{"x":[0.833],"y":[0.833]},"o":{"x":[0.167],"y":[0.167]},"t":12.012,"s":[0]},{"t":18.018018018018,"s":[25]}],"ix":11},"r":{"a":0,"k":0,"ix":10},"p":{"a":1,"k":[{"i":{"x":0.667,"y":1},"o":{"x":0.167,"y":0.167},"t":14.014,"s":[398.542,295.729,0],"to":[13.333,-11.333,0],"ti":[-8.625,22.738,0]},{"i":{"x":0.667,"y":1},"o":{"x":0.333,"y":0},"t":44.044,"s":[478.542,227.729,0],"to":[9.167,-24.167,0],"ti":[18,38,0]},{"t":84.0840840840841,"s":[475.542,111.729,0]}],"ix":2},"a":{"a":0,"k":[0,0,0],"ix":1},"s":{"a":1,"k":[{"i":{"x":[0.667,0.667,0.667],"y":[1,1,1]},"o":{"x":[0.167,0.167,0.167],"y":[0.167,0.167,0]},"t":14.014,"s":[100,100,100]},{"i":{"x":[0.667,0.667,0.667],"y":[1,1,1]},"o":{"x":[0.333,0.333,0.333],"y":[0,0,0]},"t":44.044,"s":[125,125,100]},{"t":84.0840840840841,"s":[0,0,100]}],"ix":6}},"ao":0,"shapes":[{"ty":"gr","it":[{"ind":0,"ty":"sh","ix":1,"ks":{"a":0,"k":{"i":[[3.724,0],[1.199,-1.096],[1.752,0],[0,-3.724],[-1.411,-1.686],[0,0],[-1.38,1.752],[0,2.158]],"o":[[-1.752,0],[-1.199,-1.096],[-3.724,0],[0,2.145],[1.411,1.686],[0,0],[1.327,-1.685],[0,-3.724]],"v":[[4.547,-10.022],[0,-8.257],[-4.547,-10.022],[-11.289,-3.28],[-9.132,2.328],[-0.004,10.022],[9.14,2.288],[11.289,-3.28]],"c":true},"ix":2},"nm":"Path 1","mn":"ADBE Vector Shape - Group","hd":false},{"ty":"fl","c":{"a":0,"k":[1,0,0,1],"ix":4},"o":{"a":0,"k":100,"ix":5},"r":1,"bm":0,"nm":"Fill 1","mn":"ADBE Vector Graphic - Fill","hd":false},{"ty":"tr","p":{"a":0,"k":[0,0],"ix":2},"a":{"a":0,"k":[0,0],"ix":1},"s":{"a":0,"k":[100,100],"ix":3},"r":{"a":0,"k":0,"ix":6},"o":{"a":0,"k":100,"ix":7},"sk":{"a":0,"k":0,"ix":4},"sa":{"a":0,"k":0,"ix":5},"nm":"Преобразовать"}],"nm":"Shape 1","np":3,"cix":2,"bm":0,"ix":1,"mn":"ADBE Vector Group","hd":false}],"ip":0,"op":120.12012012012,"st":-106.106106106106,"bm":0},{"ddd":0,"ind":10,"ty":4,"nm":"Heart Small 6","sr":1,"ks":{"o":{"a":1,"k":[{"i":{"x":[0.833],"y":[0.833]},"o":{"x":[0.167],"y":[0.167]},"t":12.012,"s":[0]},{"t":18.018018018018,"s":[25]}],"ix":11},"r":{"a":0,"k":0,"ix":10},"p":{"a":1,"k":[{"i":{"x":0.667,"y":1},"o":{"x":0.167,"y":0.167},"t":14.014,"s":[398.542,295.729,0],"to":[-14,25,0],"ti":[37.303,1.864,0]},{"i":{"x":0.667,"y":1},"o":{"x":0.333,"y":0},"t":44.044,"s":[305.042,366.729,0],"to":[-32.813,-1.639,0],"ti":[-6,79.5,0]},{"t":104.104104104104,"s":[258.542,224.729,0]}],"ix":2},"a":{"a":0,"k":[0,0,0],"ix":1},"s":{"a":1,"k":[{"i":{"x":[0.667,0.667,0.667],"y":[1,1,1]},"o":{"x":[0.167,0.167,0.167],"y":[0.167,0.167,0]},"t":14.014,"s":[100,100,100]},{"i":{"x":[0.667,0.667,0.667],"y":[1,1,1]},"o":{"x":[0.333,0.333,0.333],"y":[0,0,0]},"t":44.044,"s":[125,125,100]},{"t":104.104104104104,"s":[0,0,100]}],"ix":6}},"ao":0,"shapes":[{"ty":"gr","it":[{"ind":0,"ty":"sh","ix":1,"ks":{"a":0,"k":{"i":[[3.724,0],[1.199,-1.096],[1.752,0],[0,-3.724],[-1.411,-1.686],[0,0],[-1.38,1.752],[0,2.158]],"o":[[-1.752,0],[-1.199,-1.096],[-3.724,0],[0,2.145],[1.411,1.686],[0,0],[1.327,-1.685],[0,-3.724]],"v":[[4.547,-10.022],[0,-8.257],[-4.547,-10.022],[-11.289,-3.28],[-9.132,2.328],[-0.004,10.022],[9.14,2.288],[11.289,-3.28]],"c":true},"ix":2},"nm":"Path 1","mn":"ADBE Vector Shape - Group","hd":false},{"ty":"fl","c":{"a":0,"k":[1,0,0,1],"ix":4},"o":{"a":0,"k":100,"ix":5},"r":1,"bm":0,"nm":"Fill 1","mn":"ADBE Vector Graphic - Fill","hd":false},{"ty":"tr","p":{"a":0,"k":[0,0],"ix":2},"a":{"a":0,"k":[0,0],"ix":1},"s":{"a":0,"k":[100,100],"ix":3},"r":{"a":0,"k":0,"ix":6},"o":{"a":0,"k":100,"ix":7},"sk":{"a":0,"k":0,"ix":4},"sa":{"a":0,"k":0,"ix":5},"nm":"Преобразовать"}],"nm":"Shape 1","np":3,"cix":2,"bm":0,"ix":1,"mn":"ADBE Vector Group","hd":false}],"ip":0,"op":120.12012012012,"st":-106.106106106106,"bm":0},{"ddd":0,"ind":11,"ty":4,"nm":"Heart Small 7","sr":1,"ks":{"o":{"a":1,"k":[{"i":{"x":[0.833],"y":[0.833]},"o":{"x":[0.167],"y":[0.167]},"t":12.012,"s":[0]},{"t":18.018018018018,"s":[25]}],"ix":11},"r":{"a":0,"k":0,"ix":10},"p":{"a":1,"k":[{"i":{"x":0.667,"y":1},"o":{"x":0.167,"y":0.167},"t":14.014,"s":[398.542,295.729,0],"to":[14.5,7.667,0],"ti":[-24.051,3.598,0]},{"i":{"x":0.667,"y":1},"o":{"x":0.333,"y":0},"t":44.044,"s":[485.542,341.729,0],"to":[21.167,-3.167,0],"ti":[24,89,0]},{"t":94.0940940940941,"s":[511.542,192.729,0]}],"ix":2},"a":{"a":0,"k":[0,0,0],"ix":1},"s":{"a":1,"k":[{"i":{"x":[0.667,0.667,0.667],"y":[1,1,1]},"o":{"x":[0.167,0.167,0.167],"y":[0.167,0.167,0]},"t":14.014,"s":[100,100,100]},{"i":{"x":[0.667,0.667,0.667],"y":[1,1,1]},"o":{"x":[0.333,0.333,0.333],"y":[0,0,0]},"t":44.044,"s":[125,125,100]},{"t":94.0940940940941,"s":[0,0,100]}],"ix":6}},"ao":0,"shapes":[{"ty":"gr","it":[{"ind":0,"ty":"sh","ix":1,"ks":{"a":0,"k":{"i":[[3.724,0],[1.199,-1.096],[1.752,0],[0,-3.724],[-1.411,-1.686],[0,0],[-1.38,1.752],[0,2.158]],"o":[[-1.752,0],[-1.199,-1.096],[-3.724,0],[0,2.145],[1.411,1.686],[0,0],[1.327,-1.685],[0,-3.724]],"v":[[4.547,-10.022],[0,-8.257],[-4.547,-10.022],[-11.289,-3.28],[-9.132,2.328],[-0.004,10.022],[9.14,2.288],[11.289,-3.28]],"c":true},"ix":2},"nm":"Path 1","mn":"ADBE Vector Shape - Group","hd":false},{"ty":"fl","c":{"a":0,"k":[1,0,0,1],"ix":4},"o":{"a":0,"k":100,"ix":5},"r":1,"bm":0,"nm":"Fill 1","mn":"ADBE Vector Graphic - Fill","hd":false},{"ty":"tr","p":{"a":0,"k":[0,0],"ix":2},"a":{"a":0,"k":[0,0],"ix":1},"s":{"a":0,"k":[100,100],"ix":3},"r":{"a":0,"k":0,"ix":6},"o":{"a":0,"k":100,"ix":7},"sk":{"a":0,"k":0,"ix":4},"sa":{"a":0,"k":0,"ix":5},"nm":"Преобразовать"}],"nm":"Shape 1","np":3,"cix":2,"bm":0,"ix":1,"mn":"ADBE Vector Group","hd":false}],"ip":0,"op":120.12012012012,"st":-106.106106106106,"bm":0}]}],"layers":[{"ddd":0,"ind":1,"ty":0,"nm":"Предварительная композиция 1","refId":"comp_0","sr":1,"ks":{"o":{"a":0,"k":100,"ix":11},"r":{"a":0,"k":0,"ix":10},"p":{"a":0,"k":[149.99999999999994,155.59999999999994,0],"ix":2},"a":{"a":0,"k":[400,300,0],"ix":1},"s":{"a":0,"k":[99.99999999999996,99.99999999999996,100],"ix":6}},"ao":0,"w":800,"h":600,"ip":0,"op":120.12012012012,"st":0,"bm":0}],"markers":[]}